id,first_name,last_name,email,gender,ip_address
1,Kerry,Krahl,kkrahl0@4shared.com,Male,48.154.238.156
2,Aleece,Garbett,agarbett1@nasa.gov,Female,161.76.166.184
3,Jakob,Fallows,jfallows2@canalblog.com,Male,116.112.106.207
4,Frieda,Axelbee,faxelbee3@stanford.edu,Female,158.119.46.234
5,Mead,Bartoszek,mbartoszek4@scribd.com,Male,73.233.85.213
6,Cthrine,Bridges,cbridges5@yellowbook.com,Female,227.155.14.146
7,Fabe,Landeg,flandeg6@reference.com,Male,253.72.184.239
8,Elmore,Drinnan,edrinnan7@businessweek.com,Male,182.168.204.208
9,Dominica,Caffery,dcaffery8@statcounter.com,Female,73.104.81.66
10,Hector,Beesey,hbeesey9@github.com,Male,236.136.37.74
11,Ring,Alder,raldera@hugedomains.com,Male,243.87.221.135
12,Gaultiero,Capitano,gcapitanob@wunderground.com,Male,57.183.89.140
13,Bailey,Balf,bbalfc@live.com,Male,163.93.103.210
14,Axe,d' Eye,adeyed@sun.com,Male,240.153.104.5
15,Yetty,Newlan,ynewlane@state.tx.us,Female,245.230.242.27
16,Pepito,Berens,pberensf@geocities.jp,Male,173.171.74.66
17,Maureene,Yushmanov,myushmanovg@businessweek.com,Female,131.94.208.154
18,Kristo,Brislawn,kbrislawnh@google.com,Male,185.84.19.10
19,Perice,Talby,ptalbyi@canalblog.com,Male,9.224.163.165
20,Adolf,Danne,adannej@tamu.edu,Male,213.251.178.64
21,Lanni,Kunisch,lkunischk@forbes.com,Female,3.213.252.252
22,Megen,Tabart,mtabartl@tripadvisor.com,Female,97.247.171.125
23,Adina,Thon,athonm@alexa.com,Female,40.235.170.104
24,Aristotle,Sellens,asellensn@chronoengine.com,Male,179.203.32.35
25,Nanny,Baitey,nbaiteyo@cbc.ca,Female,51.67.8.22
26,Minna,Lackner,mlacknerp@surveymonkey.com,Female,153.220.142.179
27,Emlyn,Bickell,ebickellq@npr.org,Male,58.126.231.35
28,Olly,Sea,osear@disqus.com,Male,124.12.185.53
29,Wendell,Haycox,whaycoxs@acquirethisname.com,Male,206.2.250.80
30,Sandie,Roycraft,sroycraftt@webmd.com,Female,188.246.87.143
31,Biddy,Pierucci,bpierucciu@typepad.com,Female,87.120.136.11
32,Mira,MacPike,mmacpikev@delicious.com,Female,180.117.208.21
33,Annice,Guswell,aguswellw@ucoz.com,Female,122.36.135.209
34,Leticia,Alan,lalanx@virginia.edu,Polygender,67.246.141.53
35,Candice,Van Halen,cvanhaleny@state.gov,Female,133.115.102.46
36,Christie,Raffeorty,craffeortyz@ihg.com,Female,70.219.19.55
37,Josias,McCulley,jmcculley10@istockphoto.com,Male,226.47.184.60
38,Marne,De Angelis,mdeangelis11@fema.gov,Female,2.70.195.5
39,Victoir,Vernau,vvernau12@oakley.com,Male,250.21.123.54
40,Valentia,Glading,vglading13@hubpages.com,Female,93.106.108.159
41,Brade,Gauler,bgauler14@apache.org,Male,85.117.108.1
42,Pippy,Strooband,pstrooband15@w3.org,Female,22.248.36.173
43,Adrian,Milne,amilne16@over-blog.com,Female,66.35.173.103
44,Samuele,Bilton,sbilton17@about.me,Male,69.67.223.15
45,Marlo,Blinder,mblinder18@instagram.com,Female,125.149.52.58
46,Lay,Goodisson,lgoodisson19@scientificamerican.com,Male,56.243.141.174
47,Berny,Mourant,bmourant1a@ovh.net,Female,242.3.11.137
48,Any,Wellen,awellen1b@oracle.com,Male,104.204.194.97
49,Theresa,Goodred,tgoodred1c@g.co,Female,159.86.251.225
50,Hillary,Sleet,hsleet1d@un.org,Female,60.103.128.57
51,Brig,Venner,bvenner1e@europa.eu,Polygender,185.120.239.205
52,Fergus,Mereweather,fmereweather1f@about.me,Genderfluid,135.168.125.200
53,Hynda,Smooth,hsmooth1g@ehow.com,Female,249.251.221.209
54,Rowen,Luckes,rluckes1h@odnoklassniki.ru,Male,3.210.12.39
55,Micheil,Perkins,mperkins1i@furl.net,Bigender,137.243.149.201
56,Chevy,Griffe,cgriffe1j@ask.com,Male,82.230.76.238
57,Barbabas,Skippon,bskippon1k@nsw.gov.au,Male,169.82.86.81
58,Orran,Bonicelli,obonicelli1l@unicef.org,Male,191.120.180.9
59,Malchy,Messenger,mmessenger1m@livejournal.com,Male,26.137.81.195
60,Chaim,Moulton,cmoulton1n@seesaa.net,Male,236.68.148.80
61,Diarmid,Bebbington,dbebbington1o@go.com,Male,136.248.113.38
62,Franciska,Jeckell,fjeckell1p@cbslocal.com,Female,39.55.164.182
63,Alejandrina,Filpo,afilpo1q@photobucket.com,Female,8.161.73.13
64,Flore,Lurriman,flurriman1r@icio.us,Female,49.241.59.11
65,Sebastiano,Cheltnam,scheltnam1s@tinyurl.com,Male,48.47.124.164
66,Teddy,Tottman,ttottman1t@mac.com,Female,146.166.24.17
67,Ruthann,Hall,rhall1u@webnode.com,Female,60.133.92.171
68,Phillida,Dickman,pdickman1v@deviantart.com,Female,2.250.181.134
69,Quentin,Hoston,qhoston1w@live.com,Male,147.79.140.226
70,Arney,Hodcroft,ahodcroft1x@nydailynews.com,Male,227.143.227.56
71,Brnaba,Hyndman,bhyndman1y@cnet.com,Male,40.151.235.121
72,Arabela,Folger,afolger1z@forbes.com,Female,69.16.106.53
73,Hinze,Gurling,hgurling20@geocities.com,Male,233.223.245.163
74,Basilio,Duffitt,bduffitt21@elegantthemes.com,Genderfluid,56.208.143.226
75,Clarance,Hannis,channis22@digg.com,Male,12.210.126.229
76,Barty,Cody,bcody23@nature.com,Male,196.197.13.250
77,Donnell,Stinson,dstinson24@booking.com,Male,146.27.153.158
78,Torie,Defries,tdefries25@wordpress.org,Female,75.83.127.122
79,Abbot,Adcock,aadcock26@simplemachines.org,Male,96.136.204.25
80,Livvyy,De Giorgis,ldegiorgis27@ucsd.edu,Female,153.39.55.179
81,Carma,Silkstone,csilkstone28@sohu.com,Female,21.69.204.201
82,Denys,Castree,dcastree29@yahoo.com,Male,95.93.156.90
83,Jan,Eliesco,jeliesco2a@desdev.cn,Non-binary,66.146.172.213
84,Mollee,Ratter,mratter2b@fotki.com,Female,240.197.25.89
85,Daniele,Eckels,deckels2c@japanpost.jp,Female,77.88.128.213
86,Herminia,Valentino,hvalentino2d@princeton.edu,Bigender,70.247.235.239
87,Cam,Assel,cassel2e@behance.net,Male,226.73.30.44
88,Ruthanne,Pickard,rpickard2f@virginia.edu,Female,156.65.86.95
89,Rosabel,Payler,rpayler2g@bing.com,Female,233.163.233.222
90,Riley,Wittering,rwittering2h@goodreads.com,Male,135.193.234.16
91,Blisse,Pracy,bpracy2i@marketwatch.com,Female,58.137.54.89
92,Llewellyn,Valentin,lvalentin2j@meetup.com,Male,148.124.78.140
93,Eberto,Geffe,egeffe2k@csmonitor.com,Male,67.164.247.139
94,Darda,Jablonski,djablonski2l@cisco.com,Female,20.204.192.185
95,Simonne,Barense,sbarense2m@prnewswire.com,Female,64.65.29.67
96,Lexy,Kernan,lkernan2n@pcworld.com,Non-binary,191.216.43.52
97,Briana,Ivatt,bivatt2o@jugem.jp,Female,240.138.30.80
98,Catrina,Slesser,cslesser2p@usatoday.com,Female,39.201.197.213
99,Cullen,Hinkensen,chinkensen2q@mail.ru,Male,7.78.236.223
100,Kakalina,Tatteshall,ktatteshall2r@columbia.edu,Female,157.193.101.153
101,Irene,Povall,ipovall2s@slate.com,Female,101.116.139.252
102,Morton,Betun,mbetun2t@fda.gov,Male,207.141.51.194
103,Torrance,Server,tserver2u@archive.org,Male,65.230.146.116
104,Myron,Petford,mpetford2v@hexun.com,Male,209.190.207.190
105,Ailina,Gludor,agludor2w@archive.org,Female,151.87.50.213
106,Ezri,Furzey,efurzey2x@chicagotribune.com,Male,204.143.59.240
107,Samuel,Van der Mark,svandermark2y@jugem.jp,Male,36.31.119.60
108,Tove,Angus,tangus2z@livejournal.com,Female,185.218.3.157
109,Rikki,Mattisssen,rmattisssen30@adobe.com,Male,228.54.142.106
110,Charis,Domney,cdomney31@kickstarter.com,Female,63.211.104.54
111,Anthia,Wanka,awanka32@hud.gov,Female,195.40.175.183
112,Amandie,Scutts,ascutts33@list-manage.com,Female,175.242.228.134
113,Ramona,Scad,rscad34@dropbox.com,Female,68.218.8.198
114,Alanna,Van der Hoeven,avanderhoeven35@flavors.me,Female,220.19.160.242
115,Shurlocke,Wilfinger,swilfinger36@parallels.com,Male,93.119.197.111
116,Edita,Barney,ebarney37@dropbox.com,Female,150.200.217.136
117,Alon,Shelbourne,ashelbourne38@abc.net.au,Male,240.208.13.59
118,Harrison,Barnewell,hbarnewell39@storify.com,Male,57.4.81.165
119,Fidelio,Causon,fcauson3a@usatoday.com,Male,111.243.179.195
120,Ruperta,Fackrell,rfackrell3b@amazon.de,Female,237.46.80.212
121,Alric,Coleborn,acoleborn3c@pinterest.com,Male,32.122.50.37
122,Hoebart,Figurski,hfigurski3d@fda.gov,Male,252.149.168.66
123,Eloisa,Ciubutaro,eciubutaro3e@intel.com,Female,157.70.124.114
124,Dyann,Gommowe,dgommowe3f@mozilla.com,Female,247.0.207.165
125,Audie,Kehri,akehri3g@npr.org,Female,137.212.195.220
126,Toddie,Nise,tnise3h@illinois.edu,Male,41.52.159.167
127,Ebeneser,Tankin,etankin3i@google.com.hk,Male,114.244.232.141
128,Susi,Wrotham,swrotham3j@zdnet.com,Female,129.28.156.213
129,Alvinia,Norrington,anorrington3k@delicious.com,Female,156.155.96.39
130,Engelbert,Zuanazzi,ezuanazzi3l@qq.com,Male,224.236.93.155
131,Amalia,Roscamp,aroscamp3m@amazonaws.com,Female,172.141.41.206
132,Inness,Udey,iudey3n@sphinn.com,Male,61.168.103.145
133,Abrahan,Ridgers,aridgers3o@goo.gl,Male,113.88.16.64
134,Sabine,Sleath,ssleath3p@ycombinator.com,Genderfluid,78.138.66.243
135,Daron,Hugonet,dhugonet3q@msn.com,Male,10.171.100.153
136,Winthrop,Frichley,wfrichley3r@parallels.com,Male,239.226.73.223
137,Briana,Hedon,bhedon3s@w3.org,Female,194.178.238.172
138,Sean,Shillabeer,sshillabeer3t@networkadvertising.org,Male,175.150.239.178
139,Albina,Glasheen,aglasheen3u@tinyurl.com,Female,191.7.47.248
140,Hersch,Voss,hvoss3v@cnet.com,Male,124.254.228.25
141,Wilbert,Attersoll,wattersoll3w@yellowbook.com,Male,0.1.101.66
142,Albert,Stickel,astickel3x@sfgate.com,Male,71.73.3.239
143,Anne-corinne,Calladine,acalladine3y@oracle.com,Genderfluid,246.201.179.229
144,Morty,Joris,mjoris3z@geocities.com,Male,212.24.150.243
145,Serene,Matlock,smatlock40@imdb.com,Female,239.93.63.67
146,Dewey,MacCaig,dmaccaig41@buzzfeed.com,Agender,9.243.52.59
147,Diena,Perschke,dperschke42@cnet.com,Female,98.69.144.127
148,Evelina,Archard,earchard43@cafepress.com,Agender,145.147.60.136
149,Louis,Berisford,lberisford44@topsy.com,Male,40.221.142.204
150,Barny,L'Archer,blarcher45@reverbnation.com,Male,71.132.225.37
151,Lizabeth,Bywaters,lbywaters46@hud.gov,Female,83.43.54.127
152,Solly,Ruslin,sruslin47@cnbc.com,Male,181.19.77.104
153,Morten,Haynesford,mhaynesford48@vimeo.com,Agender,160.65.68.215
154,Helenka,MacFadin,hmacfadin49@ucoz.com,Female,217.118.162.112
155,Aurea,Stansbie,astansbie4a@shutterfly.com,Female,0.182.47.187
156,Aurelie,Fairfull,afairfull4b@ustream.tv,Female,56.13.233.67
157,Rand,Pouck,rpouck4c@sbwire.com,Male,94.227.232.250
158,Mathew,Kelleway,mkelleway4d@simplemachines.org,Male,31.248.50.112
159,Thacher,Chapman,tchapman4e@cafepress.com,Male,12.175.171.74
160,Andy,Haysey,ahaysey4f@gov.uk,Male,157.207.231.43
161,Josselyn,Normanvill,jnormanvill4g@scientificamerican.com,Female,230.205.214.192
162,Bartholomeo,Flores,bflores4h@taobao.com,Male,85.158.107.212
163,Denys,Everett,deverett4i@netlog.com,Male,24.44.152.78
164,Jobi,Blazdell,jblazdell4j@guardian.co.uk,Female,106.165.120.144
165,Derek,Covendon,dcovendon4k@mapquest.com,Male,176.80.122.177
166,Willey,Heymann,wheymann4l@bandcamp.com,Male,228.236.0.43
167,Cirillo,Gordon,cgordon4m@trellian.com,Male,99.83.54.48
168,Etheline,Mew,emew4n@businesswire.com,Female,245.98.51.251
169,Consolata,Hubble,chubble4o@blogspot.com,Female,102.169.125.202
170,Yale,Poyzer,ypoyzer4p@photobucket.com,Male,95.58.68.87
171,Deeann,Roft,droft4q@opera.com,Female,22.176.187.127
172,Geoffry,Leftbridge,gleftbridge4r@odnoklassniki.ru,Male,95.107.0.144
173,Gerri,Esson,gesson4s@networkadvertising.org,Male,14.40.253.141
174,Jacobo,Dumbare,jdumbare4t@skyrock.com,Male,109.43.69.15
175,Giselle,Whitelaw,gwhitelaw4u@si.edu,Female,152.47.73.138
176,Enrichetta,Woollcott,ewoollcott4v@canalblog.com,Genderqueer,4.143.50.148
177,Craig,Gertray,cgertray4w@1688.com,Male,58.183.137.105
178,Jens,Chaldecott,jchaldecott4x@bloglovin.com,Male,97.91.57.217
179,Gustave,Payle,gpayle4y@shop-pro.jp,Male,63.169.186.196
180,Edlin,D'eath,edeath4z@skype.com,Male,23.130.237.24
181,Harland,Suttling,hsuttling50@usatoday.com,Male,127.98.42.241
182,Maggi,Hanney,mhanney51@google.com.au,Female,86.222.110.200
183,Thayne,Tout,ttout52@bluehost.com,Male,236.199.250.197
184,Fergus,Keniwell,fkeniwell53@nps.gov,Male,17.181.251.180
185,Isador,Rockcliffe,irockcliffe54@google.com.au,Male,131.207.112.252
186,Maure,MacCroary,mmaccroary55@cbsnews.com,Female,59.27.237.98
187,Isador,Royall,iroyall56@yellowbook.com,Male,28.126.220.25
188,Deborah,Toler,dtoler57@addthis.com,Female,27.83.109.156
189,Derek,Caldaro,dcaldaro58@ning.com,Polygender,250.106.188.115
190,Wallie,Barmadier,wbarmadier59@gizmodo.com,Female,137.54.48.189
191,Nari,Wilman,nwilman5a@usda.gov,Female,94.81.227.41
192,Nissa,Beauman,nbeauman5b@yelp.com,Female,5.30.161.123
193,Slade,Fawks,sfawks5c@omniture.com,Male,126.120.89.169
194,Linus,Thick,lthick5d@amazon.com,Male,21.243.49.60
195,Harriott,Luckcuck,hluckcuck5e@vinaora.com,Female,183.106.113.204
196,Aurelia,Giorio,agiorio5f@pagesperso-orange.fr,Female,244.4.46.218
197,Adelbert,Pigney,apigney5g@google.co.uk,Male,160.122.12.147
198,Addi,Vaudre,avaudre5h@imgur.com,Female,82.33.179.145
199,Elise,Hulles,ehulles5i@yandex.ru,Female,106.21.251.104
200,Alwyn,Rawdales,arawdales5j@t-online.de,Male,11.129.169.87
201,Raphaela,Grigorkin,rgrigorkin5k@diigo.com,Polygender,159.218.54.162
202,Kimmi,Bourner,kbourner5l@nhs.uk,Female,144.107.199.223
203,Jaquenetta,Hendrik,jhendrik5m@marketwatch.com,Female,105.77.161.84
204,Alfy,Howton,ahowton5n@hc360.com,Female,78.222.131.128
205,Belita,Muff,bmuff5o@nyu.edu,Female,41.134.168.159
206,Pandora,Serrell,pserrell5p@google.com,Female,19.29.148.232
207,Abraham,Matzke,amatzke5q@answers.com,Male,6.107.201.105
208,Eugen,Goodrick,egoodrick5r@nationalgeographic.com,Male,104.246.43.77
209,Augustine,Byway,abyway5s@spiegel.de,Female,11.111.233.116
210,Fergus,McDonald,fmcdonald5t@sciencedaily.com,Male,248.246.252.75
211,Garreth,McGill,gmcgill5u@a8.net,Non-binary,20.66.12.95
212,Fonzie,Fish,ffish5v@disqus.com,Male,201.229.51.212
213,Averell,Brendish,abrendish5w@examiner.com,Male,131.228.172.167
214,Bald,Harcourt,bharcourt5x@mozilla.org,Male,139.195.191.214
215,Verile,Wilstead,vwilstead5y@hud.gov,Female,159.172.191.204
216,Juditha,Mechell,jmechell5z@vinaora.com,Female,15.71.25.48
217,Natalya,Guard,nguard60@mapquest.com,Female,95.174.181.84
218,Cliff,Pickrill,cpickrill61@qq.com,Male,84.63.76.145
219,Roxine,Nappin,rnappin62@bing.com,Female,93.40.185.32
220,Christian,Cotte,ccotte63@drupal.org,Female,247.0.45.64
221,Emmett,Auten,eauten64@hc360.com,Male,143.72.19.52
222,Lizabeth,Markwelley,lmarkwelley65@home.pl,Female,46.42.20.44
223,Ceil,Ewells,cewells66@taobao.com,Female,44.144.103.123
224,Anstice,Kahane,akahane67@umich.edu,Female,207.203.124.152
225,Chrotoem,Justice,cjustice68@mit.edu,Male,3.202.55.222
226,Murray,Fidelus,mfidelus69@reverbnation.com,Male,128.9.45.248
227,Damaris,Blaber,dblaber6a@sakura.ne.jp,Female,174.251.226.237
228,Petrina,Couche,pcouche6b@economist.com,Female,33.89.110.75
229,Titos,Bartzen,tbartzen6c@printfriendly.com,Male,93.103.24.82
230,Robinson,Maleney,rmaleney6d@cmu.edu,Male,156.160.23.124
231,Humfried,Kernan,hkernan6e@sfgate.com,Male,210.86.59.2
232,Nettle,Dorant,ndorant6f@eepurl.com,Non-binary,2.197.253.210
233,Kenon,Bruins,kbruins6g@bloglines.com,Male,7.23.236.220
234,Willette,Boissier,wboissier6h@google.fr,Female,220.52.77.170
235,Padget,Deering,pdeering6i@quantcast.com,Male,121.85.83.248
236,Ade,Daviddi,adaviddi6j@gov.uk,Male,175.122.55.80
237,Alisha,Bigglestone,abigglestone6k@uol.com.br,Female,219.165.83.140
238,Hermia,O' Quirk,hoquirk6l@dmoz.org,Female,162.85.119.201
239,Tracie,Dorracott,tdorracott6m@ovh.net,Bigender,14.27.145.182
240,Thaddeus,Trent,ttrent6n@google.ca,Male,222.43.215.211
241,Charmion,Spray,cspray6o@samsung.com,Female,84.18.62.166
242,Hailee,Triggol,htriggol6p@ucoz.com,Female,113.9.206.73
243,Raynor,Graham,rgraham6q@spiegel.de,Male,186.255.126.128
244,Sal,Kapelhof,skapelhof6r@java.com,Female,205.209.132.40
245,Caresa,Janacek,cjanacek6s@bloglines.com,Female,49.51.25.158
246,Grange,Accombe,gaccombe6t@lulu.com,Male,232.26.95.209
247,Vincenty,Brien,vbrien6u@europa.eu,Male,111.33.128.56
248,Marleen,Crockett,mcrockett6v@meetup.com,Female,8.93.22.159
249,Bartram,Balston,bbalston6w@themeforest.net,Male,10.208.177.77
250,Sanders,Tungay,stungay6x@privacy.gov.au,Male,1.90.0.15
251,Galven,Bissett,gbissett6y@whitehouse.gov,Male,168.42.86.246
252,Byram,Le Moucheux,blemoucheux6z@yelp.com,Male,150.90.170.242
253,Hamlen,Vanes,hvanes70@nasa.gov,Male,221.180.86.140
254,April,Hearl,ahearl71@bing.com,Female,23.33.215.37
255,Danita,Siddele,dsiddele72@google.ca,Female,166.167.157.187
256,Nickolai,Fearney,nfearney73@cloudflare.com,Male,165.158.113.89
257,Gareth,Duley,gduley74@pinterest.com,Male,97.199.116.59
258,Katheryn,Heams,kheams75@abc.net.au,Female,106.132.52.42
259,Coralie,Sullly,csullly76@jugem.jp,Female,157.33.71.179
260,Ronny,Clemonts,rclemonts77@ted.com,Male,90.50.124.64
261,Whitaker,Woolvett,wwoolvett78@free.fr,Male,165.218.247.76
262,Perice,Belchambers,pbelchambers79@amazon.com,Male,6.133.15.69
263,Collete,Cammell,ccammell7a@github.com,Female,44.230.30.193
264,Melessa,Frankland,mfrankland7b@clickbank.net,Female,28.239.58.230
265,Meagan,Ruggen,mruggen7c@ifeng.com,Female,40.138.109.5
266,Sabina,Boeter,sboeter7d@intel.com,Female,170.124.69.130
267,Fraze,Fleis,ffleis7e@wordpress.com,Male,51.113.121.103
268,Douglass,Prestney,dprestney7f@google.com.br,Male,136.72.134.67
269,Marena,Maccrae,mmaccrae7g@soundcloud.com,Female,127.1.39.218
270,Gertie,Saladino,gsaladino7h@umich.edu,Genderfluid,69.48.87.31
271,Lorrayne,Magnay,lmagnay7i@zdnet.com,Female,170.94.225.164
272,Bink,Drillot,bdrillot7j@technorati.com,Male,254.58.207.216
273,Raymund,Edgerton,redgerton7k@mail.ru,Male,152.115.184.64
274,Hallsy,Struss,hstruss7l@sciencedirect.com,Male,3.207.89.28
275,Isabelle,Glenister,iglenister7m@loc.gov,Female,95.37.238.62
276,Bab,Chaters,bchaters7n@reference.com,Female,140.213.71.14
277,Karlik,Phidgin,kphidgin7o@abc.net.au,Male,49.12.120.219
278,See,Greetland,sgreetland7p@cisco.com,Male,50.206.139.113
279,Bell,Ghirigori,bghirigori7q@usda.gov,Female,214.184.181.234
280,Tannie,MacPeake,tmacpeake7r@etsy.com,Male,114.209.9.215
281,Barbi,Dimnage,bdimnage7s@360.cn,Female,28.70.171.3
282,Billi,Gavrieli,bgavrieli7t@bravesites.com,Female,69.16.235.12
283,Thor,Glasgow,tglasgow7u@unicef.org,Male,121.47.193.223
284,Min,Elcum,melcum7v@gov.uk,Female,152.242.149.45
285,Reube,Burnard,rburnard7w@shinystat.com,Male,124.220.181.159
286,Cicely,Boog,cboog7x@nba.com,Polygender,147.246.229.145
287,Joana,Ceschini,jceschini7y@weebly.com,Female,160.66.0.37
288,Gardy,Bilsland,gbilsland7z@dagondesign.com,Male,29.107.251.148
289,Brett,Menear,bmenear80@springer.com,Genderqueer,40.227.124.200
290,Florrie,Rainey,frainey81@nytimes.com,Female,249.191.53.254
291,Ealasaid,Finley,efinley82@cnbc.com,Female,243.77.99.51
292,Madelon,Raitt,mraitt83@oakley.com,Female,142.120.116.127
293,Esmaria,Echallie,eechallie84@sbwire.com,Female,88.231.68.206
294,Nickolas,Son,nson85@sfgate.com,Male,249.12.112.224
295,Britney,Balassa,bbalassa86@flickr.com,Female,74.159.245.85
296,Filberte,Goddert.sf,fgoddertsf87@jalbum.net,Male,21.135.148.128
297,Witty,Dorn,wdorn88@businessweek.com,Male,209.72.197.239
298,Hana,Riddler,hriddler89@nsw.gov.au,Female,117.15.67.65
299,Adham,Gull,agull8a@ucoz.com,Bigender,255.175.80.24
300,Annabelle,Lumsdaine,alumsdaine8b@parallels.com,Female,64.182.33.114
301,Lilith,Tabbernor,ltabbernor8c@japanpost.jp,Female,161.209.199.40
302,Carey,Herreran,cherreran8d@sakura.ne.jp,Male,53.151.4.246
303,Bibi,Snarie,bsnarie8e@jugem.jp,Female,104.157.229.188
304,Jenni,Brice,jbrice8f@ycombinator.com,Female,197.80.37.222
305,Vikky,McDirmid,vmcdirmid8g@amazon.de,Female,31.252.104.225
306,Becky,Titchener,btitchener8h@homestead.com,Female,113.206.169.217
307,Zachariah,Blinco,zblinco8i@patch.com,Bigender,0.146.244.172
308,Janella,Brickstock,jbrickstock8j@tinyurl.com,Female,119.232.117.251
309,Mirella,Benzies,mbenzies8k@paginegialle.it,Female,18.69.230.50
310,Sansone,Tesyro,stesyro8l@live.com,Male,111.56.178.226
311,Issiah,Hann,ihann8m@ox.ac.uk,Male,107.69.91.27
312,Terrill,O' Quirk,toquirk8n@who.int,Male,224.52.206.91
313,Haskel,Shankster,hshankster8o@netvibes.com,Male,8.128.9.188
314,Tulley,Kuhnke,tkuhnke8p@upenn.edu,Bigender,219.224.127.222
315,Brietta,Pechold,bpechold8q@odnoklassniki.ru,Genderfluid,119.109.18.25
316,Serena,Capineer,scapineer8r@statcounter.com,Female,171.24.174.171
317,Valaree,Dearing,vdearing8s@biglobe.ne.jp,Female,112.201.229.115
318,Ev,McDuffie,emcduffie8t@si.edu,Male,6.136.58.167
319,Nicole,Bruinemann,nbruinemann8u@is.gd,Female,77.181.45.48
320,Ezechiel,Saing,esaing8v@flickr.com,Male,42.241.192.79
321,Loralie,Balden,lbalden8w@sina.com.cn,Female,48.106.152.231
322,Roselia,Clunan,rclunan8x@cbslocal.com,Female,101.177.113.111
323,Cecil,Wallen,cwallen8y@engadget.com,Male,129.24.208.74
324,Lauralee,Bampford,lbampford8z@gov.uk,Female,139.133.87.7
325,Alethea,Dinnies,adinnies90@icio.us,Female,226.126.216.138
326,Dexter,Wey,dwey91@gravatar.com,Male,146.216.221.62
327,Christoper,McNamara,cmcnamara92@discuz.net,Male,22.82.110.88
328,Audrie,Gurner,agurner93@unblog.fr,Female,83.67.180.9
329,Ileana,Brinkler,ibrinkler94@xing.com,Female,101.14.172.188
330,Yul,Chadwick,ychadwick95@people.com.cn,Male,190.60.43.165
331,Tim,Phillp,tphillp96@google.it,Genderqueer,25.90.219.237
332,Chadwick,Heller,cheller97@behance.net,Male,236.103.5.199
333,Clemente,Chalfont,cchalfont98@china.com.cn,Genderqueer,196.228.54.188
334,Cris,Press,cpress99@bizjournals.com,Female,171.66.241.62
335,Augustina,Frewer,afrewer9a@surveymonkey.com,Female,83.224.144.61
336,Doy,Jindracek,djindracek9b@webmd.com,Male,164.19.103.103
337,Gwennie,Grishukhin,ggrishukhin9c@whitehouse.gov,Female,65.78.174.157
338,Emogene,Lornsen,elornsen9d@google.com,Female,152.179.88.183
339,Frannie,Delahunty,fdelahunty9e@issuu.com,Female,181.238.188.40
340,Lilah,Wadley,lwadley9f@shareasale.com,Female,225.139.198.238
341,Creigh,Seivwright,cseivwright9g@ameblo.jp,Male,148.112.209.132
342,Elnar,Giannini,egiannini9h@ihg.com,Male,237.188.185.1
343,Lynelle,Vampouille,lvampouille9i@symantec.com,Female,82.101.3.41
344,Toddie,Gonzalez,tgonzalez9j@usnews.com,Male,202.61.5.218
345,Elvera,Ruckledge,eruckledge9k@disqus.com,Female,238.205.255.248
346,Perl,Cove,pcove9l@nhs.uk,Female,30.251.247.103
347,Wallache,Pattison,wpattison9m@seesaa.net,Genderfluid,116.89.180.98
348,Ibrahim,Mawd,imawd9n@businessweek.com,Male,196.58.49.106
349,Aldwin,MacSorley,amacsorley9o@pagesperso-orange.fr,Male,30.164.40.204
350,Ofilia,Henke,ohenke9p@scribd.com,Female,191.57.197.225
351,Justinian,Mackerness,jmackerness9q@lulu.com,Male,31.246.129.20
352,Arthur,Aleveque,aaleveque9r@earthlink.net,Male,78.38.151.186
353,Jerri,Benham,jbenham9s@wikipedia.org,Male,165.13.249.247
354,Onfroi,Toretta,otoretta9t@tmall.com,Male,71.16.185.149
355,Clarine,Boyet,cboyet9u@fastcompany.com,Female,38.180.48.12
356,Robinet,Dunk,rdunk9v@liveinternet.ru,Female,97.165.119.35
357,Renae,Olcot,rolcot9w@feedburner.com,Female,171.22.173.255
358,Mendel,Wooffinden,mwooffinden9x@google.com.hk,Male,133.255.177.49
359,Lydia,Burstowe,lburstowe9y@wikimedia.org,Female,236.165.64.85
360,Ali,Wermerling,awermerling9z@studiopress.com,Male,215.108.91.21
361,Cirillo,Quested,cquesteda0@vk.com,Male,10.66.164.246
362,Arlene,Dudgeon,adudgeona1@eventbrite.com,Female,71.186.154.0
363,Allan,Odcroft,aodcrofta2@twitter.com,Male,69.15.21.109
364,Morten,Meijer,mmeijera3@timesonline.co.uk,Male,114.229.52.226
365,Carlen,Macauley,cmacauleya4@networksolutions.com,Female,232.199.97.44
366,Sacha,Coddington,scoddingtona5@blogtalkradio.com,Female,92.223.83.67
367,Vannie,Rorke,vrorkea6@unblog.fr,Non-binary,19.61.40.8
368,Tatum,O'Curran,tocurrana7@amazon.de,Female,233.95.136.54
369,Anetta,Abbes,aabbesa8@seattletimes.com,Female,176.82.131.121
370,Aldous,McKillop,amckillopa9@prnewswire.com,Male,97.50.131.247
371,Orland,Barlee,obarleeaa@abc.net.au,Male,20.101.11.45
372,Priscilla,Brobak,pbrobakab@disqus.com,Female,236.111.124.23
373,Niko,Ruecastle,nruecastleac@vkontakte.ru,Male,99.127.248.228
374,Bale,Cliss,bclissad@businesswire.com,Male,119.129.177.169
375,Amalee,Pullan,apullanae@biglobe.ne.jp,Female,40.166.124.213
376,Kimberlyn,Spiring,kspiringaf@imdb.com,Female,10.170.27.181
377,Kev,Benza,kbenzaag@so-net.ne.jp,Male,236.45.86.240
378,Gilli,Lockless,glocklessah@taobao.com,Female,238.3.122.242
379,Ashton,Timcke,atimckeai@blog.com,Male,179.184.15.37
380,Dita,Du Plantier,dduplantieraj@webmd.com,Female,157.118.101.123
381,Matthew,Shadfourth,mshadfourthak@go.com,Non-binary,67.237.192.87
382,Byram,deKnevet,bdeknevetal@cam.ac.uk,Genderqueer,99.180.165.40
383,Luise,Caberas,lcaberasam@diigo.com,Female,113.45.162.186
384,Marylinda,Pigott,mpigottan@google.com,Genderfluid,133.68.199.223
385,Jehu,Villalta,jvillaltaao@unblog.fr,Male,8.36.200.138
386,Oberon,Maclean,omacleanap@ed.gov,Male,122.77.146.163
387,Ginevra,Rossey,grosseyaq@xrea.com,Female,134.38.197.31
388,Arleen,Cheese,acheesear@narod.ru,Female,59.212.165.127
389,Zabrina,Stitle,zstitleas@geocities.com,Bigender,17.144.176.129
390,Marven,Christauffour,mchristauffourat@wunderground.com,Male,23.214.62.30
391,Dede,Walton,dwaltonau@time.com,Female,113.236.251.14
392,Tallulah,Pods,tpodsav@skype.com,Female,3.7.112.199
393,Karlee,Coppins,kcoppinsaw@adobe.com,Female,118.131.198.101
394,Myrilla,Gourlay,mgourlayax@businessinsider.com,Female,225.38.12.143
395,Elnar,Bulle,ebulleay@chicagotribune.com,Male,47.84.141.248
396,Gabbi,Yeowell,gyeowellaz@fema.gov,Female,107.19.87.127
397,Winslow,Castiello,wcastiellob0@google.com,Male,222.26.173.162
398,Elysee,Wollaston,ewollastonb1@samsung.com,Female,216.168.133.6
399,Veronika,Byart,vbyartb2@ucsd.edu,Female,150.249.42.76
400,Victoria,Wickenden,vwickendenb3@t-online.de,Female,90.91.25.60
401,Babb,Vannoni,bvannonib4@cpanel.net,Female,141.203.104.122
402,Carola,Etienne,cetienneb5@trellian.com,Female,150.53.133.161
403,Julian,Crickmore,jcrickmoreb6@clickbank.net,Male,145.32.139.9
404,Marie-jeanne,Fridd,mfriddb7@pen.io,Non-binary,142.214.48.104
405,Kevin,Foulis,kfoulisb8@reddit.com,Bigender,162.231.250.109
406,Fernanda,Biddell,fbiddellb9@economist.com,Female,2.64.166.71
407,Cliff,Anetts,canettsba@un.org,Male,146.117.143.44
408,Elnore,de Quincey,edequinceybb@deliciousdays.com,Agender,177.238.175.237
409,Stinky,Tolson,stolsonbc@state.tx.us,Male,178.13.48.185
410,Bevan,Whittuck,bwhittuckbd@china.com.cn,Male,247.198.76.63
411,Irma,Molines,imolinesbe@mit.edu,Female,201.255.56.32
412,Marissa,Faiers,mfaiersbf@usnews.com,Female,10.80.47.108
413,Fayre,Lorraine,florrainebg@phpbb.com,Female,219.234.88.155
414,Alecia,Moneti,amonetibh@blogspot.com,Non-binary,8.137.146.197
415,Dareen,Presman,dpresmanbi@devhub.com,Female,198.224.164.73
416,Jordanna,Cockerton,jcockertonbj@wikipedia.org,Polygender,93.78.204.244
417,Shelby,Cuthbertson,scuthbertsonbk@example.com,Genderfluid,134.121.183.31
418,Meredith,Butteris,mbutterisbl@who.int,Female,117.242.27.34
419,Cecilius,Toffler,ctofflerbm@dailymail.co.uk,Male,89.52.160.219
420,Markos,Kunisch,mkunischbn@aol.com,Male,119.215.72.91
421,Bea,Hissie,bhissiebo@ox.ac.uk,Female,25.74.224.203
422,Willem,Mannering,wmanneringbp@umn.edu,Male,242.162.70.238
423,Selie,Allard,sallardbq@goo.gl,Female,6.102.115.169
424,Nigel,Broadwood,nbroadwoodbr@networkadvertising.org,Male,155.231.121.133
425,Kenyon,Hook,khookbs@unc.edu,Male,65.78.108.20
426,Danell,Ashbrook,dashbrookbt@toplist.cz,Female,236.108.30.50
427,Mirelle,Gaffon,mgaffonbu@accuweather.com,Female,156.246.188.111
428,Sven,Cooley,scooleybv@ycombinator.com,Male,7.79.110.11
429,Orlan,Valadez,ovaladezbw@live.com,Male,86.73.184.130
430,Rhetta,Guirardin,rguirardinbx@creativecommons.org,Female,48.42.43.248
431,Ervin,Cumberland,ecumberlandby@dyndns.org,Male,214.6.72.145
432,Richardo,Riteley,rriteleybz@foxnews.com,Male,8.74.182.204
433,Ashia,Vidloc,avidlocc0@shop-pro.jp,Female,220.209.128.115
434,Ivie,Lawerence,ilawerencec1@github.com,Female,14.94.42.235
435,Mariel,Tytherton,mtythertonc2@globo.com,Female,223.218.219.56
436,Elisabetta,Kennerknecht,ekennerknechtc3@forbes.com,Female,241.111.112.46
437,Rockie,Helsdon,rhelsdonc4@abc.net.au,Male,109.2.35.197
438,Emlynn,Van den Broek,evandenbroekc5@slate.com,Female,146.128.80.154
439,Mikey,Sterzaker,msterzakerc6@marketwatch.com,Male,0.36.242.17
440,Raimund,Keach,rkeachc7@simplemachines.org,Male,142.248.246.108
441,Rustie,Guesford,rguesfordc8@chron.com,Male,127.104.23.151
442,Inger,Gannan,igannanc9@google.de,Male,241.36.79.33
443,Jeddy,Kellog,jkellogca@fc2.com,Male,215.69.41.238
444,Tyrone,Balassi,tbalassicb@timesonline.co.uk,Male,123.23.72.22
445,Anjela,Feckey,afeckeycc@comsenz.com,Female,109.188.155.194
446,Garret,Savery,gsaverycd@spotify.com,Male,214.132.211.58
447,Glen,Nias,gniasce@deviantart.com,Male,208.159.230.224
448,Josefa,Lyman,jlymancf@craigslist.org,Female,206.45.160.223
449,Gale,Ertelt,gerteltcg@last.fm,Female,140.136.27.156
450,Patrice,Emney,pemneych@google.com,Female,210.228.214.126
451,Harley,Pavlovsky,hpavlovskyci@amazon.co.uk,Female,178.97.130.172
452,Pollyanna,Maylam,pmaylamcj@moonfruit.com,Female,32.35.206.31
453,Henka,Howey,hhoweyck@jimdo.com,Female,171.200.182.32
454,Riley,Kubista,rkubistacl@google.fr,Male,201.137.204.121
455,Yolanda,Stirland,ystirlandcm@ucoz.ru,Female,121.134.182.114
456,Annalee,Birt,abirtcn@samsung.com,Female,64.82.93.179
457,Yorker,Brannigan,ybranniganco@digg.com,Male,211.23.144.144
458,Reynolds,Ridoutt,rridouttcp@howstuffworks.com,Male,35.34.87.137
459,Hilary,Dawltrey,hdawltreycq@wunderground.com,Male,33.127.239.19
460,Patricio,Kerfut,pkerfutcr@buzzfeed.com,Male,149.237.141.96
461,Guglielma,Lowbridge,glowbridgecs@bizjournals.com,Female,192.130.144.35
462,Jenn,Achromov,jachromovct@sina.com.cn,Female,233.236.62.99
463,Petronille,Stranaghan,pstranaghancu@cmu.edu,Female,121.88.162.34
464,Koren,Gingell,kgingellcv@gov.uk,Female,52.6.123.190
465,Meridith,Giacometti,mgiacometticw@about.me,Female,19.198.23.125
466,Christopher,Casarili,ccasarilicx@slideshare.net,Male,121.202.42.207
467,Ruggiero,Mardall,rmardallcy@sciencedaily.com,Male,128.92.52.215
468,Marcus,Simeone,msimeonecz@technorati.com,Male,212.134.166.180
469,Filia,Philpots,fphilpotsd0@odnoklassniki.ru,Female,230.187.165.103
470,De witt,Gilfoyle,dgilfoyled1@ocn.ne.jp,Male,75.25.174.97
471,Cindra,Agerskow,cagerskowd2@hexun.com,Non-binary,151.16.124.206
472,Perkin,Whitnell,pwhitnelld3@typepad.com,Male,201.96.221.150
473,Lefty,Bukowski,lbukowskid4@amazon.co.jp,Agender,171.50.181.5
474,Sebastian,Bumphries,sbumphriesd5@si.edu,Male,78.123.211.133
475,Brunhilde,Cheshir,bcheshird6@sun.com,Female,131.12.24.72
476,Melvin,Noen,mnoend7@sun.com,Male,22.223.16.113
477,Petey,Bedell,pbedelld8@wordpress.org,Male,158.46.253.45
478,Francyne,Doumerc,fdoumercd9@tamu.edu,Female,17.196.89.185
479,Nicky,Mountney,nmountneyda@miitbeian.gov.cn,Female,177.155.66.206
480,Worth,Sharpe,wsharpedb@sfgate.com,Non-binary,148.19.52.247
481,Edy,Franceschelli,efranceschellidc@fotki.com,Female,36.113.128.19
482,Maitilde,Ginnelly,mginnellydd@latimes.com,Female,72.237.182.34
483,Melonie,Dobrowlski,mdobrowlskide@aol.com,Female,3.112.49.185
484,Sloane,Critch,scritchdf@nasa.gov,Male,25.32.143.92
485,Gael,Cristofari,gcristofaridg@phpbb.com,Female,6.127.106.118
486,Briney,Oakeby,boakebydh@fc2.com,Female,75.191.230.155
487,Beltran,Rubrow,brubrowdi@deliciousdays.com,Male,125.116.100.242
488,Kyle,Blowing,kblowingdj@patch.com,Male,189.160.179.222
489,Chico,Bellenie,cbelleniedk@blogger.com,Male,212.41.8.146
490,Dilly,Howle,dhowledl@liveinternet.ru,Male,145.119.68.73
491,Alberik,Tabourin,atabourindm@geocities.com,Polygender,211.240.82.120
492,Weider,Stambridge,wstambridgedn@shinystat.com,Male,144.24.161.119
493,Mackenzie,Fookes,mfookesdo@webnode.com,Male,126.13.40.249
494,Damiano,Quimby,dquimbydp@xrea.com,Male,92.26.56.125
495,Solly,Sapshed,ssapsheddq@newyorker.com,Male,4.70.186.251
496,Alastair,Kubicek,akubicekdr@thetimes.co.uk,Male,154.61.183.22
497,Cristy,Meadowcraft,cmeadowcraftds@nature.com,Female,23.100.241.252
498,Lawrence,Tesoe,ltesoedt@artisteer.com,Agender,201.86.204.79
499,Bronnie,Lundy,blundydu@ifeng.com,Male,187.107.119.216
500,Iorgos,Abotson,iabotsondv@chron.com,Male,6.187.39.20
501,Harmony,Claiden,hclaidendw@house.gov,Female,13.209.18.177
502,Carline,Cohrs,ccohrsdx@telegraph.co.uk,Female,13.77.233.165
503,Randi,Cockshut,rcockshutdy@yolasite.com,Male,191.152.109.79
504,Mariejeanne,Jochen,mjochendz@msn.com,Female,81.94.8.161
505,Simonette,Newcomb,snewcombe0@senate.gov,Female,121.67.230.11
506,Lucila,Nibley,lnibleye1@ehow.com,Female,158.182.132.99
507,Thomasina,Hymus,thymuse2@wsj.com,Female,209.226.70.80
508,Hollis,Pinkett,hpinkette3@jiathis.com,Male,115.160.179.158
509,Dante,Blei,dbleie4@sphinn.com,Male,235.104.142.216
510,Terrance,Hyman,thymane5@wisc.edu,Male,17.17.38.251
511,Lyle,Silverstone,lsilverstonee6@t.co,Male,142.171.38.219
512,Bil,Trubshaw,btrubshawe7@nifty.com,Male,213.93.41.57
513,Arri,Jevons,ajevonse8@reddit.com,Genderqueer,247.168.229.246
514,Dorette,Hargreaves,dhargreavese9@icio.us,Non-binary,229.239.22.57
515,Sarah,Gresswood,sgresswoodea@dell.com,Female,214.55.54.109
516,Kevan,Hampton,khamptoneb@home.pl,Male,112.79.96.51
517,Grady,Lakin,glakinec@google.fr,Male,13.0.214.72
518,Natividad,Brereton,nbreretoned@cnn.com,Female,12.201.210.236
519,Stanislas,Wynrahame,swynrahameee@senate.gov,Male,44.32.187.43
520,Hortense,Tupp,htuppef@t-online.de,Female,34.160.28.11
521,Aksel,Butteris,abutteriseg@buzzfeed.com,Male,205.183.129.50
522,Josey,Jacquemet,jjacquemeteh@hatena.ne.jp,Female,236.154.125.196
523,Glen,Mellenby,gmellenbyei@trellian.com,Male,59.212.173.76
524,Melly,Newbegin,mnewbeginej@mapquest.com,Female,134.104.237.169
525,Amble,Lockitt,alockittek@devhub.com,Male,73.212.43.60
526,Chick,Faulconer,cfaulconerel@angelfire.com,Male,119.192.38.238
527,Jaine,Braddick,jbraddickem@people.com.cn,Female,177.7.68.0
528,Claire,Bellingham,cbellinghamen@jimdo.com,Female,147.58.28.157
529,Franklin,Jannasch,fjannascheo@discuz.net,Male,29.122.178.139
530,Karlen,Allibon,kallibonep@opera.com,Agender,60.206.185.253
531,Edgardo,Betteriss,ebetterisseq@ibm.com,Male,171.255.4.6
532,Barnie,Whimp,bwhimper@smugmug.com,Male,131.30.17.80
533,Kent,Naseby,knasebyes@cocolog-nifty.com,Male,56.228.140.4
534,Andy,Juckes,ajuckeset@usnews.com,Female,17.114.155.54
535,Adey,Sowood,asowoodeu@t.co,Female,183.249.177.37
536,Erica,Kondratenko,ekondratenkoev@myspace.com,Female,251.35.57.95
537,Lottie,Trumble,ltrumbleew@sourceforge.net,Female,150.145.151.114
538,Valaree,Eymer,veymerex@scribd.com,Genderfluid,238.145.253.34
539,Celestina,Docharty,cdochartyey@tripadvisor.com,Female,170.142.198.57
540,Sauncho,Ridder,sridderez@google.com.br,Male,199.146.217.116
541,Park,Unworth,punworthf0@epa.gov,Male,116.144.15.139
542,Lindi,Presslie,lpresslief1@baidu.com,Polygender,85.244.232.210
543,Prentiss,Santen,psantenf2@cmu.edu,Male,202.175.164.152
544,Carissa,Sprason,csprasonf3@ucla.edu,Genderqueer,153.57.147.18
545,Sasha,Muddle,smuddlef4@oaic.gov.au,Male,69.121.104.4
546,Walker,Adlington,wadlingtonf5@answers.com,Male,179.220.137.231
547,Harcourt,Pawlick,hpawlickf6@vistaprint.com,Male,9.243.153.223
548,Perle,Howgill,phowgillf7@eventbrite.com,Female,108.237.186.56
549,Suzanna,Shippey,sshippeyf8@opensource.org,Female,36.251.30.27
550,Ramsay,Wylam,rwylamf9@chicagotribune.com,Male,227.24.99.130
551,Radcliffe,Ledley,rledleyfa@webnode.com,Male,89.190.121.231
552,Robbyn,Hackney,rhackneyfb@latimes.com,Female,8.99.84.241
553,Godwin,Blezard,gblezardfc@twitter.com,Male,128.41.225.81
554,Nadine,Chatten,nchattenfd@macromedia.com,Female,120.143.191.243
555,Annabela,Kitman,akitmanfe@163.com,Female,173.59.71.45
556,Dagmar,Durrant,ddurrantff@irs.gov,Polygender,30.94.5.117
557,Marlie,Cattanach,mcattanachfg@shutterfly.com,Female,164.168.23.26
558,Farand,Colwill,fcolwillfh@nps.gov,Female,249.192.129.35
559,Briney,Von Der Empten,bvonderemptenfi@state.gov,Female,165.72.137.122
560,Patsy,Toppes,ptoppesfj@theguardian.com,Male,202.22.71.38
561,Phineas,Littley,plittleyfk@columbia.edu,Male,194.3.41.76
562,Ozzy,Haggie,ohaggiefl@sphinn.com,Male,198.161.61.21
563,Terry,Grahlmans,tgrahlmansfm@mayoclinic.com,Female,229.142.165.142
564,Jaquenette,Gumme,jgummefn@shutterfly.com,Female,123.6.243.23
565,Dall,Glidder,dglidderfo@skyrock.com,Male,180.195.247.254
566,Sayre,Brickstock,sbrickstockfp@biglobe.ne.jp,Male,212.200.242.218
567,Tanhya,Screas,tscreasfq@zimbio.com,Female,150.90.244.64
568,Culver,Covet,ccovetfr@hexun.com,Male,214.232.104.121
569,Mersey,Shavel,mshavelfs@nifty.com,Female,10.230.206.215
570,Ulrich,Lamyman,ulamymanft@live.com,Male,227.87.185.174
571,Davon,Narramor,dnarramorfu@tinyurl.com,Male,182.235.130.11
572,Ilka,Penketh,ipenkethfv@prnewswire.com,Genderqueer,126.244.14.5
573,Matilda,Regitz,mregitzfw@house.gov,Genderfluid,253.75.174.48
574,Eada,Dorber,edorberfx@slate.com,Female,193.120.195.185
575,Cynthia,Haacker,chaackerfy@skyrock.com,Female,70.196.194.162
576,Robbert,Kelberman,rkelbermanfz@hostgator.com,Male,237.168.22.55
577,Flint,Jossum,fjossumg0@senate.gov,Male,206.8.80.224
578,Konstanze,Nare,knareg1@free.fr,Female,204.82.37.40
579,Shane,Glasby,sglasbyg2@salon.com,Male,114.148.44.90
580,Casper,Crabtree,ccrabtreeg3@infoseek.co.jp,Male,125.147.41.28
581,Calvin,Leivers,cleiversg4@drupal.org,Non-binary,210.158.68.225
582,Lorrie,Downs,ldownsg5@cocolog-nifty.com,Male,61.47.198.11
583,Raf,Long,rlongg6@ihg.com,Female,146.117.250.194
584,Gerianne,Taile,gtaileg7@intel.com,Female,189.76.190.240
585,Mamie,Murty,mmurtyg8@uol.com.br,Female,43.160.57.38
586,Ginnifer,Airdrie,gairdrieg9@hugedomains.com,Female,69.81.231.69
587,Camille,Smickle,csmicklega@wisc.edu,Female,139.3.178.96
588,Marco,Alelsandrovich,malelsandrovichgb@unicef.org,Male,234.232.18.137
589,Meredith,Buckthorpe,mbuckthorpegc@google.ca,Female,255.203.178.138
590,Otto,Bourchier,obourchiergd@skyrock.com,Agender,20.150.140.238
591,Aland,Messum,amessumge@newsvine.com,Male,110.209.63.64
592,Mariellen,Bransdon,mbransdongf@webmd.com,Female,9.173.93.178
593,Jamison,Hyndson,jhyndsongg@craigslist.org,Male,114.211.145.242
594,Nicky,Huyghe,nhuyghegh@mashable.com,Bigender,218.0.147.236
595,Merla,Davidzon,mdavidzongi@ovh.net,Female,19.10.107.144
596,Saraann,McDowell,smcdowellgj@yellowbook.com,Female,73.183.134.144
597,Jimmy,Extance,jextancegk@odnoklassniki.ru,Non-binary,17.247.38.90
598,Moira,Lavens,mlavensgl@smugmug.com,Female,253.11.102.108
599,Inesita,Delahunt,idelahuntgm@earthlink.net,Female,104.150.18.233
600,Emelen,Thomsson,ethomssongn@opera.com,Male,177.127.80.86
601,Anna,Klimes,aklimesgo@webeden.co.uk,Female,30.125.214.134
602,Gardie,Lacasa,glacasagp@omniture.com,Male,205.33.113.26
603,Matthaeus,Isard,misardgq@virginia.edu,Male,56.162.175.98
604,Bertram,Axelbee,baxelbeegr@jimdo.com,Male,67.143.1.105
605,Kingsley,Stell,kstellgs@fotki.com,Male,181.63.43.86
606,Cazzie,Mantz,cmantzgt@shinystat.com,Male,238.133.108.147
607,Roanne,Rillstone,rrillstonegu@umn.edu,Female,173.146.25.234
608,Zena,Eannetta,zeannettagv@vkontakte.ru,Female,9.208.82.255
609,Delaney,Voelker,dvoelkergw@umn.edu,Genderfluid,57.17.21.151
610,Glyn,Biggen,gbiggengx@fda.gov,Female,76.82.168.134
611,Staffard,Chaffen,schaffengy@list-manage.com,Male,80.125.101.201
612,Sondra,Howes,showesgz@drupal.org,Female,215.54.66.64
613,Johnathan,Sleight,jsleighth0@alexa.com,Male,202.206.141.104
614,Monah,Harlin,mharlinh1@vinaora.com,Female,251.18.148.209
615,Kip,Keel,kkeelh2@addtoany.com,Male,88.94.123.183
616,Sonja,Studdal,sstuddalh3@webeden.co.uk,Female,173.129.187.229
617,Broderic,McGrorty,bmcgrortyh4@wunderground.com,Male,167.140.180.78
618,Jaquelyn,Sondland,jsondlandh5@washington.edu,Female,50.154.184.194
619,Gretchen,Southernwood,gsouthernwoodh6@mozilla.org,Female,171.198.40.5
620,Salomo,Musico,smusicoh7@taobao.com,Male,115.12.104.102
621,Washington,Gniewosz,wgniewoszh8@163.com,Male,136.86.14.169
622,Peggie,Berthod,pberthodh9@last.fm,Female,110.46.40.98
623,Krista,Pulham,kpulhamha@aol.com,Female,102.189.197.89
624,Rowan,Teck,rteckhb@newsvine.com,Male,173.210.104.11
625,Diane,Sumpner,dsumpnerhc@guardian.co.uk,Female,150.82.160.60
626,Bond,Friar,bfriarhd@purevolume.com,Male,226.116.30.48
627,Tibold,Wigfield,twigfieldhe@clickbank.net,Male,14.12.209.181
628,Tobit,Pitkeathley,tpitkeathleyhf@gnu.org,Genderqueer,176.177.110.175
629,Talia,Tither,ttitherhg@reddit.com,Female,91.33.33.193
630,Llywellyn,Faussett,lfaussetthh@harvard.edu,Male,125.112.255.237
631,Noami,Enterlein,nenterleinhi@gnu.org,Female,30.253.210.103
632,Arthur,Smurfitt,asmurfitthj@canalblog.com,Genderqueer,245.101.161.148
633,Elinor,Vogeler,evogelerhk@apple.com,Female,219.247.55.225
634,Donavon,Mapother,dmapotherhl@zdnet.com,Male,202.47.103.13
635,Fredek,Wickey,fwickeyhm@virginia.edu,Male,179.58.134.30
636,Arnoldo,Banton,abantonhn@networksolutions.com,Male,255.155.228.190
637,Noak,Praundl,npraundlho@admin.ch,Male,22.99.230.197
638,Keelby,Cardoe,kcardoehp@liveinternet.ru,Male,19.11.189.177
639,Shela,McRuvie,smcruviehq@nbcnews.com,Female,19.37.32.10
640,Chane,Rowbrey,crowbreyhr@bigcartel.com,Male,123.189.128.104
641,Pamelina,Geggus,pgeggushs@bbc.co.uk,Female,116.107.143.85
642,Walliw,Ganter,wganterht@epa.gov,Female,41.216.38.232
643,Delphinia,Byers,dbyershu@vinaora.com,Female,208.25.11.104
644,Selene,Gerrett,sgerretthv@1und1.de,Female,238.137.107.23
645,Melantha,Broderick,mbroderickhw@marketwatch.com,Female,157.51.220.249
646,Munroe,Sherreard,msherreardhx@typepad.com,Male,149.108.200.12
647,Nicola,Drinkwater,ndrinkwaterhy@hubpages.com,Male,150.203.2.194
648,Tremayne,Roston,trostonhz@geocities.com,Male,204.164.245.33
649,Inez,Tinline,itinlinei0@hc360.com,Female,51.208.207.94
650,Lesya,Shercliff,lshercliffi1@bloglovin.com,Female,12.203.184.126
651,Tisha,Aggett,taggetti2@nyu.edu,Female,13.56.114.66
652,Marketa,Baxill,mbaxilli3@samsung.com,Female,73.93.147.46
653,Ardella,Perrottet,aperrotteti4@dropbox.com,Female,133.180.135.182
654,Grantham,McLagain,gmclagaini5@seesaa.net,Male,77.15.60.113
655,Eada,Huddles,ehuddlesi6@msu.edu,Female,8.200.108.27
656,Dasi,Yorke,dyorkei7@yellowbook.com,Female,211.52.182.97
657,Ernie,Brussels,ebrusselsi8@meetup.com,Agender,183.58.13.67
658,Essa,Grundwater,egrundwateri9@fastcompany.com,Female,31.205.177.89
659,Sephira,Potell,spotellia@elegantthemes.com,Female,179.157.207.74
660,Kristofer,Hartles,khartlesib@shop-pro.jp,Male,199.34.90.195
661,Doris,Tufts,dtuftsic@telegraph.co.uk,Female,198.18.132.122
662,Malachi,Vauter,mvauterid@cargocollective.com,Male,127.58.179.136
663,Amabelle,Verrell,averrellie@vinaora.com,Female,34.32.193.188
664,Danice,Brinson,dbrinsonif@ameblo.jp,Female,60.136.16.215
665,Biddy,Elles,bellesig@boston.com,Genderfluid,6.204.14.175
666,Haslett,Slocket,hslocketih@mlb.com,Male,33.31.71.22
667,Nicky,Posen,nposenii@sciencedaily.com,Female,52.213.239.202
668,Maddalena,Engelmann,mengelmannij@netscape.com,Female,64.240.134.164
669,Barri,Cary,bcaryik@4shared.com,Male,109.26.138.168
670,Guenevere,Van Son,gvansonil@dailymail.co.uk,Female,78.64.90.23
671,Ervin,Divver,edivverim@digg.com,Male,96.155.253.91
672,Finlay,Heinsh,fheinshin@plala.or.jp,Male,189.112.254.225
673,Leslie,Woodus,lwoodusio@cafepress.com,Female,174.138.251.52
674,Abeu,Matuskiewicz,amatuskiewiczip@stanford.edu,Male,81.109.241.53
675,Adrian,Chelam,achelamiq@163.com,Male,87.226.0.25
676,Irving,Heater,iheaterir@google.co.uk,Male,153.89.116.148
677,Virgie,Solano,vsolanois@google.nl,Male,28.141.84.86
678,Molly,Orth,morthit@yellowbook.com,Female,231.89.96.250
679,Keene,Steinham,ksteinhamiu@cnn.com,Non-binary,205.168.199.187
680,Maryellen,Haggas,mhaggasiv@imgur.com,Female,109.169.40.110
681,Vaclav,Harlow,vharlowiw@deliciousdays.com,Male,165.107.57.205
682,Padgett,Amys,pamysix@indiatimes.com,Polygender,227.47.240.164
683,Gino,Bovingdon,gbovingdoniy@hc360.com,Male,177.93.123.41
684,Devondra,Ezzell,dezzelliz@cbc.ca,Female,145.4.170.147
685,Cordelie,Galego,cgalegoj0@aol.com,Female,81.140.18.154
686,Mavis,Price,mpricej1@unesco.org,Female,69.181.58.188
687,Roseanne,Vaissiere,rvaissierej2@slideshare.net,Female,197.255.54.168
688,Viv,Sargison,vsargisonj3@mapy.cz,Female,151.52.246.65
689,Jeanna,Langabeer,jlangabeerj4@reference.com,Female,99.242.42.8
690,Osbert,Aleksashin,oaleksashinj5@opensource.org,Male,219.126.11.29
691,Hans,McKie,hmckiej6@columbia.edu,Male,166.64.186.70
692,Sidnee,Yuryichev,syuryichevj7@about.com,Male,59.36.69.150
693,Panchito,Adamsen,padamsenj8@businesswire.com,Male,55.227.127.106
694,Ardella,Affuso,aaffusoj9@spotify.com,Female,203.80.196.90
695,Leoline,Higgonet,lhiggonetja@army.mil,Female,22.84.187.83
696,Danni,Ellaway,dellawayjb@ucoz.com,Female,244.246.158.173
697,Deidre,Jakobssen,djakobssenjc@gmpg.org,Bigender,228.73.17.142
698,Patrizia,McGaw,pmcgawjd@abc.net.au,Female,90.109.241.113
699,Devlin,Burg,dburgje@ucoz.ru,Male,13.4.89.104
700,Pascale,Guillot,pguillotjf@cloudflare.com,Male,26.48.221.164
701,Austen,Siely,asielyjg@mozilla.org,Male,151.234.29.18
702,Matthieu,Lenden,mlendenjh@blogspot.com,Male,238.35.181.73
703,Bernette,Cheesman,bcheesmanji@youku.com,Female,46.165.108.171
704,Zacharias,Fowle,zfowlejj@google.com.au,Male,117.155.222.102
705,Sasha,Apfelmann,sapfelmannjk@tmall.com,Male,9.219.220.119
706,Joell,Jubert,jjubertjl@google.cn,Polygender,123.215.84.204
707,Milly,Antoniottii,mantoniottiijm@theguardian.com,Female,137.243.103.76
708,Otha,Whiffin,owhiffinjn@elegantthemes.com,Female,68.239.79.27
709,Patrice,Gladwell,pgladwelljo@blinklist.com,Male,229.79.183.251
710,Afton,Cowthart,acowthartjp@ucsd.edu,Female,225.202.94.210
711,Muhammad,Okenfold,mokenfoldjq@mit.edu,Genderqueer,185.233.138.65
712,Davon,Longmaid,dlongmaidjr@paginegialle.it,Male,242.30.58.4
713,Debbi,Alvarado,dalvaradojs@ameblo.jp,Female,1.255.101.87
714,Esteban,Ibarra,eibarrajt@youtu.be,Male,57.58.48.250
715,Francoise,Henlon,fhenlonju@smh.com.au,Female,135.225.95.72
716,Kaiser,Erskin,kerskinjv@mapy.cz,Male,181.177.168.90
717,Linet,Verrall,lverralljw@flickr.com,Non-binary,110.222.19.30
718,Conrade,Killingback,ckillingbackjx@etsy.com,Male,240.75.219.98
719,Ema,Blyth,eblythjy@webnode.com,Female,161.58.8.217
720,Marty,Crumby,mcrumbyjz@geocities.jp,Male,174.214.36.27
721,Chuck,Gamwell,cgamwellk0@wordpress.org,Male,121.208.83.191
722,Gun,Sandall,gsandallk1@discuz.net,Male,120.97.49.189
723,Sherry,Bucknall,sbucknallk2@princeton.edu,Female,174.252.37.231
724,Ricard,Bartolomivis,rbartolomivisk3@telegraph.co.uk,Male,14.120.23.13
725,Katti,Christophle,kchristophlek4@yellowbook.com,Female,193.122.67.124
726,Phaidra,Carnilian,pcarniliank5@zimbio.com,Female,234.91.221.210
727,Esmaria,Heinonen,eheinonenk6@altervista.org,Female,249.186.96.255
728,Myrwyn,Littell,mlittellk7@weebly.com,Bigender,143.6.184.235
729,Brady,Kastel,bkastelk8@youtube.com,Male,199.171.42.239
730,Allan,Polini,apolinik9@psu.edu,Male,138.161.36.228
731,Archer,Walstow,awalstowka@apple.com,Male,247.19.177.161
732,Grenville,McCaighey,gmccaigheykb@amazonaws.com,Male,204.154.96.231
733,Barris,Larraway,blarrawaykc@storify.com,Male,141.64.102.228
734,Arabella,Groombridge,agroombridgekd@google.ca,Female,248.14.214.204
735,Thorndike,Fisbey,tfisbeyke@posterous.com,Male,48.211.109.29
736,Emmit,Duffit,eduffitkf@walmart.com,Male,110.30.30.170
737,Alyss,O'Spillane,aospillanekg@scientificamerican.com,Female,141.1.217.109
738,Mavra,McClune,mmcclunekh@discovery.com,Female,170.180.254.69
739,Sibbie,Streight,sstreightki@moonfruit.com,Female,170.73.200.254
740,Kermie,Simon,ksimonkj@spotify.com,Male,130.195.33.78
741,Sissie,Luddy,sluddykk@so-net.ne.jp,Female,90.247.80.164
742,Maynord,Conti,mcontikl@usgs.gov,Male,149.83.219.204
743,Trista,Hammett,thammettkm@bbb.org,Female,236.255.194.123
744,Malory,Harris,mharriskn@behance.net,Female,157.11.97.163
745,Troy,Wones,twonesko@msn.com,Male,50.255.59.205
746,Madelina,Leah,mleahkp@edublogs.org,Female,154.226.13.113
747,Billi,McNerlin,bmcnerlinkq@ibm.com,Female,255.233.123.14
748,Jerri,Bills,jbillskr@intel.com,Male,162.92.200.253
749,Elnora,Antonetti,eantonettiks@qq.com,Female,192.120.0.210
750,Lulita,Bryenton,lbryentonkt@stumbleupon.com,Female,131.175.108.204
751,Laryssa,Whipple,lwhippleku@1und1.de,Female,141.33.89.139
752,Romeo,Vick,rvickkv@desdev.cn,Male,89.139.212.150
753,Pembroke,Hext,phextkw@chicagotribune.com,Male,234.128.171.48
754,Odo,Lafontaine,olafontainekx@yellowpages.com,Male,59.138.4.103
755,Freddie,Carrol,fcarrolky@google.com.br,Female,127.51.37.30
756,Lothaire,Le Leu,lleleukz@bloglovin.com,Male,217.247.226.42
757,Quincey,Grimme,qgrimmel0@surveymonkey.com,Genderqueer,119.164.14.251
758,Dusty,Diffley,ddiffleyl1@xinhuanet.com,Female,169.94.135.57
759,Leila,Hugin,lhuginl2@census.gov,Female,247.186.211.75
760,Shamus,Ponter,sponterl3@ucoz.ru,Male,66.85.142.29
761,Alie,Hellwig,ahellwigl4@oracle.com,Female,236.148.187.117
762,Annemarie,Zute,azutel5@salon.com,Female,23.7.181.49
763,Say,Buyers,sbuyersl6@yelp.com,Male,201.27.89.201
764,Adel,Pipworth,apipworthl7@macromedia.com,Female,226.150.153.18
765,Gilbert,Searjeant,gsearjeantl8@studiopress.com,Male,166.102.230.33
766,Eli,Griffe,egriffel9@homestead.com,Male,10.232.30.218
767,Salli,Bolger,sbolgerla@oakley.com,Female,250.147.169.228
768,Zelda,Howerd,zhowerdlb@hexun.com,Female,30.193.144.230
769,Patrick,Rigmand,prigmandlc@pagesperso-orange.fr,Male,17.23.59.166
770,Mathian,Fominov,mfominovld@businesswire.com,Male,131.125.102.158
771,Casey,Bonnesen,cbonnesenle@yale.edu,Male,31.249.101.29
772,Gina,Payton,gpaytonlf@upenn.edu,Non-binary,66.111.62.69
773,Cristina,Faughnan,cfaughnanlg@bluehost.com,Female,176.243.218.109
774,Starlene,Prozescky,sprozesckylh@sun.com,Female,202.68.29.249
775,Janek,Skeat,jskeatli@reference.com,Male,220.173.29.243
776,Wandis,Folliott,wfolliottlj@army.mil,Female,44.123.39.8
777,Poul,Kenryd,pkenrydlk@sciencedirect.com,Male,24.128.133.39
778,Cletis,Arrol,carrolll@ycombinator.com,Male,9.0.4.22
779,Cozmo,St. Pierre,cstpierrelm@rakuten.co.jp,Polygender,14.106.174.210
780,Liesa,Rabl,lrablln@t-online.de,Female,235.211.91.232
781,Lenora,La Croce,llacrocelo@apple.com,Genderfluid,228.184.1.67
782,Clare,Scottrell,cscottrelllp@google.fr,Female,158.217.224.228
783,Jaime,Kleeborn,jkleebornlq@usgs.gov,Female,207.125.161.171
784,Town,Helleker,thellekerlr@dailymail.co.uk,Male,177.251.19.103
785,Bertram,Crosher,bcrosherls@zdnet.com,Male,52.130.211.38
786,Cymbre,Dainter,cdainterlt@liveinternet.ru,Female,212.88.11.169
787,Delmor,Jendas,djendaslu@smugmug.com,Male,199.127.36.3
788,Adah,Scudders,ascudderslv@joomla.org,Female,37.158.99.140
789,Zoe,Bourner,zbournerlw@google.pl,Female,152.86.27.43
790,Hayward,Gulberg,hgulberglx@bigcartel.com,Genderfluid,118.172.191.157
791,Carola,Inchcomb,cinchcombly@admin.ch,Genderfluid,65.37.198.58
792,Tad,Mateuszczyk,tmateuszczyklz@ebay.com,Male,180.189.220.163
793,Robbert,Blissett,rblissettm0@trellian.com,Male,186.132.227.61
794,Hurley,Matthewson,hmatthewsonm1@usa.gov,Male,117.86.151.27
795,Marlowe,Heaffey,mheaffeym2@spotify.com,Male,2.237.60.19
796,Mervin,Stansby,mstansbym3@tripod.com,Male,161.255.187.162
797,Ansel,Harlowe,aharlowem4@marriott.com,Male,182.147.225.188
798,Benyamin,Haine,bhainem5@weebly.com,Male,123.177.187.246
799,Johnna,Mousby,jmousbym6@umich.edu,Female,55.109.174.83
800,Mella,Dimmack,mdimmackm7@toplist.cz,Female,215.212.19.89
801,Shannon,Deehan,sdeehanm8@comcast.net,Male,206.43.57.14
802,Meta,Varker,mvarkerm9@tumblr.com,Female,174.128.89.241
803,Will,Beszant,wbeszantma@fda.gov,Male,254.72.48.252
804,Gigi,Parken,gparkenmb@rakuten.co.jp,Female,247.76.153.122
805,Loria,Rozsa,lrozsamc@nyu.edu,Female,0.152.65.83
806,Wilma,Narducci,wnarduccimd@washington.edu,Female,73.166.53.75
807,Dame,Glowach,dglowachme@free.fr,Male,192.170.8.235
808,Hilario,Fewless,hfewlessmf@mail.ru,Male,224.9.166.36
809,Christiane,Hovard,chovardmg@msu.edu,Female,114.44.161.46
810,Cammy,Fay,cfaymh@privacy.gov.au,Female,116.168.35.144
811,Anthiathia,Dogg,adoggmi@webnode.com,Female,211.116.112.35
812,Vivian,Caldero,vcalderomj@exblog.jp,Female,147.73.233.122
813,Jamaal,Loton,jlotonmk@upenn.edu,Male,194.111.246.49
814,Aharon,MacGinley,amacginleyml@blogger.com,Male,172.238.144.87
815,Charlie,MacCarroll,cmaccarrollmm@forbes.com,Male,33.214.29.77
816,Netty,Reightley,nreightleymn@godaddy.com,Female,224.253.249.170
817,Osbourne,Moseby,omosebymo@chicagotribune.com,Male,56.112.243.195
818,Jo-ann,MacDearmont,jmacdearmontmp@a8.net,Bigender,87.7.209.237
819,Lilyan,Barff,lbarffmq@google.es,Female,250.215.29.199
820,Stan,Ambrozewicz,sambrozewiczmr@wikimedia.org,Male,4.175.165.235
821,Roddy,Maseyk,rmaseykms@lycos.com,Male,10.177.254.42
822,Rhianna,Pykett,rpykettmt@cbslocal.com,Female,88.222.36.30
823,Vinnie,Frewer,vfrewermu@alibaba.com,Female,60.121.84.45
824,Milzie,Maps,mmapsmv@apache.org,Female,212.197.145.157
825,Shell,Leftwich,sleftwichmw@china.com.cn,Female,250.172.125.110
826,Theo,Brunon,tbrunonmx@t.co,Male,107.203.116.218
827,Eyde,O'Harney,eoharneymy@newsvine.com,Female,108.208.97.241
828,Raphael,Cordle,rcordlemz@adobe.com,Male,92.136.194.212
829,Stevena,Stockport,sstockportn0@msu.edu,Female,253.14.243.125
830,Guy,Drieu,gdrieun1@livejournal.com,Male,105.221.86.95
831,Shelbi,Gertray,sgertrayn2@webeden.co.uk,Female,249.118.153.122
832,Boyd,Josefsson,bjosefssonn3@nps.gov,Non-binary,153.132.136.105
833,Jordan,Donoher,jdonohern4@mediafire.com,Female,101.124.85.51
834,Denver,Antoniutti,dantoniuttin5@loc.gov,Male,49.141.70.246
835,Abba,Avann,aavannn6@shutterfly.com,Male,172.9.122.50
836,Adelina,Bitten,abittenn7@over-blog.com,Female,251.52.155.57
837,Enrica,Romain,eromainn8@ask.com,Female,173.32.189.203
838,Pebrook,Easum,peasumn9@homestead.com,Male,167.198.216.127
839,Marline,Cradick,mcradickna@webs.com,Female,50.68.113.173
840,Orran,Boyles,oboylesnb@census.gov,Male,193.77.140.102
841,Ray,Rodolfi,rrodolfinc@netvibes.com,Female,244.174.41.15
842,Briney,Parades,bparadesnd@ocn.ne.jp,Female,239.145.159.52
843,Guillaume,Simenot,gsimenotne@amazon.com,Male,188.171.65.179
844,Bradney,Casaccia,bcasaccianf@princeton.edu,Male,199.49.20.106
845,Izabel,Chateau,ichateaung@tamu.edu,Female,223.253.233.75
846,Judy,Whiteford,jwhitefordnh@forbes.com,Genderqueer,150.91.95.98
847,Aldon,Wheal,awhealni@buzzfeed.com,Male,70.224.251.214
848,Berne,Mewhirter,bmewhirternj@flavors.me,Male,172.6.28.63
849,Jeni,Belli,jbellink@sun.com,Genderfluid,249.72.54.50
850,Garik,McNern,gmcnernnl@accuweather.com,Male,84.231.168.224
851,Diane,Varnals,dvarnalsnm@time.com,Female,231.138.176.206
852,Aharon,Ludgate,aludgatenn@amazon.com,Male,117.102.82.81
853,Carrol,Chapellow,cchapellowno@imdb.com,Male,7.51.117.121
854,Thibaut,Labeuil,tlabeuilnp@pcworld.com,Male,215.75.249.175
855,Bamby,Shickle,bshicklenq@cnbc.com,Female,133.114.244.231
856,Barth,Kellitt,bkellittnr@istockphoto.com,Male,42.29.209.180
857,Melli,Woolger,mwoolgerns@tinyurl.com,Female,156.93.231.151
858,Collie,Airton,cairtonnt@omniture.com,Female,169.36.91.2
859,Milty,Walklott,mwalklottnu@paypal.com,Male,159.207.19.1
860,Adriana,Skiggs,askiggsnv@opera.com,Female,46.191.58.15
861,Worden,Truesdale,wtruesdalenw@jalbum.net,Male,62.225.171.224
862,Fletch,Ditchburn,fditchburnnx@google.pl,Male,91.158.137.10
863,Odetta,O'Rowane,oorowaneny@washingtonpost.com,Bigender,199.118.234.231
864,Danielle,Bwy,dbwynz@hibu.com,Female,118.243.128.21
865,Tonnie,Wadie,twadieo0@psu.edu,Male,191.109.92.226
866,Robbi,Whifen,rwhifeno1@si.edu,Female,181.98.117.145
867,Sebastien,Yashin,syashino2@epa.gov,Male,124.192.95.193
868,Gill,Munroe,gmunroeo3@mlb.com,Male,61.218.145.227
869,Innis,Lahy,ilahyo4@bigcartel.com,Non-binary,87.17.61.9
870,Torrin,Agg,taggo5@go.com,Male,21.204.60.14
871,Karlis,Millier,kmilliero6@w3.org,Male,6.198.93.41
872,Matthiew,Clery,mcleryo7@photobucket.com,Male,35.139.151.89
873,Noah,Lerer,nlerero8@princeton.edu,Non-binary,86.244.217.69
874,Annabal,Bellwood,abellwoodo9@answers.com,Female,219.158.169.205
875,Ringo,Dur,rduroa@is.gd,Male,30.54.109.71
876,Lucas,Leagas,lleagasob@oracle.com,Male,32.42.89.246
877,Happy,Farlane,hfarlaneoc@cafepress.com,Female,185.140.135.214
878,Kira,Hartlebury,khartleburyod@businessweek.com,Female,58.55.30.84
879,Venus,Wigmore,vwigmoreoe@businessweek.com,Female,201.175.36.75
880,Michal,Simunek,msimunekof@who.int,Female,223.66.4.127
881,Jens,Ebbing,jebbingog@github.io,Male,255.126.221.47
882,Meridel,Ruprecht,mruprechtoh@huffingtonpost.com,Female,146.62.56.26
883,Kimmie,Adess,kadessoi@ebay.com,Female,238.98.204.104
884,Kurtis,Longford,klongfordoj@home.pl,Male,72.109.251.14
885,Leoine,Godbald,lgodbaldok@multiply.com,Female,204.199.222.148
886,Morgen,Fehner,mfehnerol@senate.gov,Male,250.99.248.250
887,Mayor,Grayling,mgraylingom@ftc.gov,Male,63.186.209.0
888,Brantley,Claringbold,bclaringboldon@usa.gov,Male,51.8.228.193
889,Emmy,Feldhuhn,efeldhuhnoo@wikispaces.com,Male,231.11.65.26
890,Gertie,Gresswell,ggresswellop@last.fm,Female,233.186.155.157
891,Shep,Seneschal,sseneschaloq@ask.com,Male,1.16.0.251
892,Angelica,McQuirter,amcquirteror@unicef.org,Female,119.199.149.140
893,Sheree,Lasty,slastyos@comsenz.com,Female,193.189.188.130
894,Lucine,Lagneaux,llagneauxot@google.com,Non-binary,146.161.87.78
895,Fenelia,Cettell,fcettellou@seattletimes.com,Female,144.31.9.250
896,Eldredge,Crosthwaite,ecrosthwaiteov@si.edu,Male,45.80.10.110
897,Ed,Maginot,emaginotow@geocities.jp,Male,71.201.129.202
898,Meghann,Ruddoch,mruddochox@lycos.com,Female,181.40.130.136
899,Benjamin,Annandale,bannandaleoy@newsvine.com,Male,8.240.99.76
900,Falito,Raulstone,fraulstoneoz@linkedin.com,Male,240.128.8.32
901,Kate,Gerasch,kgeraschp0@pcworld.com,Female,168.51.44.249
902,Broderick,Gierardi,bgierardip1@omniture.com,Genderqueer,144.247.157.17
903,Hollyanne,Just,hjustp2@blog.com,Female,145.180.81.103
904,Tallia,Sivyer,tsivyerp3@paginegialle.it,Polygender,1.250.110.168
905,Eva,Benjefield,ebenjefieldp4@paypal.com,Female,218.40.139.197
906,Zebulen,Ciubutaro,zciubutarop5@europa.eu,Genderfluid,111.215.210.80
907,Rois,Pomphrett,rpomphrettp6@independent.co.uk,Female,197.61.109.17
908,Willis,Gallifont,wgallifontp7@dmoz.org,Male,16.95.205.19
909,Joshua,Trulock,jtrulockp8@latimes.com,Male,24.90.65.23
910,Josephine,Lantaph,jlantaphp9@canalblog.com,Female,23.148.103.171
911,Jordana,Dickens,jdickenspa@elpais.com,Female,143.203.8.2
912,Peterus,Cocci,pcoccipb@imageshack.us,Non-binary,34.107.150.168
913,Olenka,Wenman,owenmanpc@businessinsider.com,Bigender,153.20.184.10
914,Lucinda,Jagielski,ljagielskipd@prlog.org,Female,53.245.27.246
915,Sophey,Ratray,sratraype@i2i.jp,Female,37.81.144.135
916,Debi,Blonden,dblondenpf@utexas.edu,Female,134.201.116.100
917,Karlan,Lomb,klombpg@wikimedia.org,Male,92.116.255.84
918,Steffen,Paintain,spaintainph@hugedomains.com,Male,89.189.171.106
919,Henryetta,McKibben,hmckibbenpi@msu.edu,Female,122.131.64.131
920,Misty,Hulburt,mhulburtpj@people.com.cn,Non-binary,18.111.198.66
921,Hank,Limbourne,hlimbournepk@hexun.com,Male,255.7.107.191
922,Jesse,Eccleshall,jeccleshallpl@yellowbook.com,Female,156.168.66.203
923,Huey,Rolland,hrollandpm@shareasale.com,Male,128.230.96.9
924,Lily,Blinckhorne,lblinckhornepn@people.com.cn,Female,109.240.229.219
925,Cart,Vlasenkov,cvlasenkovpo@bbb.org,Male,33.105.177.121
926,Taryn,Brimelow,tbrimelowpp@joomla.org,Female,146.253.247.249
927,Leonidas,Kinnard,lkinnardpq@artisteer.com,Male,227.77.23.118
928,Dillie,Johnke,djohnkepr@chronoengine.com,Male,2.60.16.180
929,Suzanne,Smout,ssmoutps@boston.com,Polygender,235.11.135.77
930,Kincaid,Bonaire,kbonairept@redcross.org,Male,36.23.167.64
931,Ethelind,Loveard,eloveardpu@cpanel.net,Female,89.233.11.236
932,Rica,Fathers,rfatherspv@walmart.com,Female,224.162.76.135
933,Yurik,Parrett,yparrettpw@hibu.com,Male,31.241.43.69
934,Brandice,Allans,ballanspx@newsvine.com,Female,195.138.120.36
935,Farand,Pidgen,fpidgenpy@hostgator.com,Female,200.10.234.255
936,Cross,Sugge,csuggepz@mac.com,Male,75.189.168.63
937,Clemence,Kilalea,ckilaleaq0@washington.edu,Female,227.180.205.144
938,Mahmoud,Jimmison,mjimmisonq1@netlog.com,Male,26.79.63.75
939,Vaughan,Torbeck,vtorbeckq2@jalbum.net,Polygender,136.25.201.66
940,Aimil,Lickess,alickessq3@slate.com,Female,65.132.208.218
941,Vic,O'Shee,vosheeq4@skype.com,Male,206.23.245.160
942,Obadiah,Askey,oaskeyq5@joomla.org,Male,168.209.55.72
943,Monah,Wathen,mwathenq6@qq.com,Female,102.178.178.146
944,Nannie,Toomer,ntoomerq7@mapy.cz,Female,222.105.243.55
945,Hanan,Matusiak,hmatusiakq8@163.com,Agender,112.196.55.141
946,Rafael,Deehan,rdeehanq9@soundcloud.com,Male,85.138.99.167
947,Allianora,Escalante,aescalanteqa@tripod.com,Female,93.39.112.23
948,Sammy,McNeilly,smcneillyqb@gnu.org,Male,213.45.81.253
949,Emili,Vidgen,evidgenqc@ted.com,Female,181.191.109.13
950,Esme,McGairl,emcgairlqd@sina.com.cn,Male,206.122.51.196
951,Jamil,Shalloe,jshalloeqe@house.gov,Male,195.254.186.61
952,Michal,Mills,mmillsqf@si.edu,Male,143.26.203.120
953,Frederique,Cordery,fcorderyqg@miitbeian.gov.cn,Female,213.244.140.18
954,Kikelia,Potkins,kpotkinsqh@kickstarter.com,Female,9.4.62.223
955,Warner,Coop,wcoopqi@google.co.uk,Male,226.79.246.174
956,Cyndi,Gingel,cgingelqj@state.gov,Female,243.123.165.225
957,Shirlee,Prettyjohn,sprettyjohnqk@clickbank.net,Female,244.76.131.28
958,Bev,Drydale,bdrydaleql@oakley.com,Female,91.170.124.204
959,Terrie,Lugton,tlugtonqm@netscape.com,Female,247.77.85.104
960,Nelly,Hagstone,nhagstoneqn@feedburner.com,Female,231.179.45.209
961,Cart,Drinkall,cdrinkallqo@diigo.com,Male,198.148.72.246
962,Gearalt,Brozsset,gbrozssetqp@abc.net.au,Male,1.7.23.97
963,Ardyth,Stoyle,astoyleqq@typepad.com,Female,64.192.191.206
964,Waldon,Costellow,wcostellowqr@sogou.com,Male,236.31.117.101
965,Minor,Jaquiss,mjaquissqs@ocn.ne.jp,Genderqueer,180.147.56.23
966,Edwin,Colam,ecolamqt@irs.gov,Male,76.183.224.158
967,Gennifer,Filchakov,gfilchakovqu@fc2.com,Female,174.249.92.190
968,Keriann,James,kjamesqv@zdnet.com,Female,187.79.156.33
969,Abbot,Lympenie,alympenieqw@globo.com,Male,75.255.81.3
970,Jessie,Stedson,jstedsonqx@t.co,Male,197.142.250.218
971,Colene,Andell,candellqy@intel.com,Female,166.245.201.197
972,Ola,Laydon,olaydonqz@google.es,Non-binary,21.79.166.123
973,Theda,Matson,tmatsonr0@chicagotribune.com,Female,223.250.191.183
974,Ricardo,Nyland,rnylandr1@nyu.edu,Male,222.69.79.154
975,Onida,Swaden,oswadenr2@shinystat.com,Female,241.5.29.222
976,Letisha,Toderini,ltoderinir3@indiegogo.com,Female,63.31.179.126
977,Deborah,Tinkler,dtinklerr4@imageshack.us,Female,34.85.178.95
978,Ashlin,Bareford,abarefordr5@nature.com,Male,127.108.19.120
979,Lenci,Karchowski,lkarchowskir6@flavors.me,Male,200.169.13.50
980,Duffy,Gerok,dgerokr7@mediafire.com,Male,166.42.255.36
981,Paulie,Horlock,phorlockr8@ocn.ne.jp,Male,137.91.221.72
982,Hulda,Studholme,hstudholmer9@indiatimes.com,Female,54.244.118.62
983,Omar,Giff,ogiffra@rediff.com,Male,117.43.4.105
984,Coriss,Loines,cloinesrb@yellowpages.com,Female,119.237.172.205
985,Gaven,Andras,gandrasrc@unesco.org,Male,130.211.247.171
986,Elroy,Hardy-Piggin,ehardypigginrd@cnbc.com,Male,69.134.185.65
987,Jessamyn,Hellcat,jhellcatre@weibo.com,Female,55.35.4.49
988,Earl,Brabham,ebrabhamrf@moonfruit.com,Genderfluid,7.102.78.84
989,Danice,Devons,ddevonsrg@icq.com,Female,182.43.202.49
990,Allison,Winsbury,awinsburyrh@hostgator.com,Agender,220.82.157.176
991,Fidelity,Blockwell,fblockwellri@slashdot.org,Female,47.250.238.75
992,Patrizia,Iggulden,pigguldenrj@delicious.com,Female,253.61.103.196
993,Leandra,Chastel,lchastelrk@netvibes.com,Female,59.201.122.75
994,Michele,Ruoff,mruoffrl@clickbank.net,Male,131.241.214.244
995,Keelia,Spinks,kspinksrm@stanford.edu,Female,222.39.58.192
996,Hephzibah,Harrod,hharrodrn@prnewswire.com,Female,140.121.11.100
997,Fernanda,Patzelt,fpatzeltro@mozilla.org,Female,85.214.176.119
998,Leonard,Vasse,lvasserp@freewebs.com,Male,241.181.86.72
999,Shelley,Crees,screesrq@dedecms.com,Male,212.117.165.220
1000,Kitti,Paulon,kpaulonrr@myspace.com,Female,180.185.146.119
